model,threshold,P_true_pos,P_false_neg,P_false_pos_on_noise,P_precision,P_recall,P_F1,P_mae_seconds,P_median_residual_s,P_iqr_residual_s,S_true_pos,S_false_neg,S_false_pos_on_noise,S_precision,S_recall,S_F1,S_mae_seconds,S_median_residual_s,S_iqr_residual_s,phase_id_accuracy,n_phase_pairs,n_phase_confusions,noise_n_traces,noise_traces_with_any_pick,noise_trace_fp_rate,P_unmatched_on_event_trace_diagnostic,S_unmatched_on_event_trace_diagnostic,n_event_traces
EQT-RoSE,0.05,23734,5162,3847,0.8605,0.8214,0.8405,0.1002,-0.0286,0.104,26381,4406,12101,0.6855,0.8569,0.7617,0.1901,0.01,0.216,0.993907323860522,47434,289,23526,9347,0.3973,14426,20530,32374
EQT-RoSE,0.1,23167,5729,1936,0.9229,0.8017,0.8581,0.0985,-0.0286,0.1008,25518,5269,5164,0.8317,0.8289,0.8303,0.1843,0.01,0.2085,0.9960197283031929,46228,184,23526,5494,0.2335,9173,13044,32374
EQT-RoSE,0.2,21732,7164,873,0.9614,0.7521,0.8439,0.093,-0.029,0.099,21946,8841,2199,0.9089,0.7128,0.799,0.1585,0.01,0.1825,0.997910929636312,42124,88,23526,2645,0.1124,5048,6563,32374
EQT-RoSE,0.3,19882,9014,450,0.9779,0.6881,0.8078,0.0852,-0.029,0.0895,18413,12374,1063,0.9454,0.5981,0.7327,0.1372,0.01,0.161,0.9986608816755048,37338,50,23526,1361,0.0579,3058,3902,32374
EQT-RoSE,0.5,16067,12829,124,0.9923,0.556,0.7127,0.0728,-0.0296,0.08,10072,20715,166,0.9838,0.3272,0.491,0.0974,0.01,0.113,0.9994201105655854,25867,15,23526,268,0.0114,1347,1366,32374
EQT-RoSE,0.7,10535,18361,28,0.9973,0.3646,0.534,0.0613,-0.035,0.0636,2457,28330,12,0.9951,0.0798,0.1478,0.0557,0.01,0.0636,0.9996916197671728,12971,4,23526,36,0.0015,539,270,32374
PhaseNet-RoSE,0.05,23795,5101,11998,0.6648,0.8235,0.7357,0.0835,-0.008,0.0815,26965,3822,19663,0.5783,0.8759,0.6966,0.1766,-0.0005,0.174,0.9777317022600042,48230,1074,23526,14719,0.6256,39076,50418,32374
PhaseNet-RoSE,0.1,22985,5911,5477,0.8076,0.7954,0.8015,0.0813,-0.0085,0.0785,26078,4709,9285,0.7374,0.847,0.7885,0.1738,-0.001,0.17,0.9837243213106316,46634,759,23526,9318,0.3961,20032,27639,32374
PhaseNet-RoSE,0.2,21858,7038,2353,0.9028,0.7564,0.8232,0.0777,-0.0086,0.0749,24359,6428,3898,0.8621,0.7912,0.8251,0.1649,-0.002,0.157,0.98968066769482,44092,455,23526,4838,0.2056,9959,14968,32374
PhaseNet-RoSE,0.3,20625,8271,1195,0.9452,0.7138,0.8134,0.0737,-0.009,0.0716,22031,8756,1972,0.9178,0.7156,0.8042,0.1513,-0.0025,0.1479,0.9929479514897148,40981,289,23526,2659,0.113,6146,9407,32374
PhaseNet-RoSE,0.5,17633,11263,358,0.9801,0.6102,0.7521,0.0638,-0.0086,0.0675,14842,15945,487,0.9682,0.4821,0.6437,0.1117,-0.007,0.11,0.9974854628319976,31815,80,23526,768,0.0326,2774,3501,32374
PhaseNet-RoSE,0.7,12988,15908,117,0.9911,0.4495,0.6185,0.0491,-0.007,0.052,6268,24519,67,0.9894,0.2036,0.3377,0.0687,-0.0095,0.069,0.9987993944772146,19157,23,23526,169,0.0072,1274,1096,32374
EQT-instance,0.05,21708,7188,2780,0.8865,0.7512,0.8133,0.1121,-0.0346,0.124,20662,10125,1795,0.9201,0.6711,0.7761,0.2129,-0.0666,0.2496,0.987123828317711,40540,522,23526,2883,0.1225,15180,7477,32374
EQT-instance,0.1,21124,7772,1673,0.9266,0.731,0.8173,0.1103,-0.034,0.1225,17811,12976,933,0.9502,0.5785,0.7192,0.1953,-0.06,0.2275,0.9887667240694132,37745,424,23526,1822,0.0774,10409,4825,32374
EQT-instance,0.2,20302,8594,931,0.9562,0.7026,0.81,0.1071,-0.0336,0.1184,13440,17347,406,0.9707,0.4365,0.6022,0.169,-0.055,0.1945,0.990667148362235,33216,310,23526,1048,0.0445,6818,2523,32374
EQT-instance,0.3,19347,9549,584,0.9707,0.6695,0.7925,0.103,-0.0326,0.1115,11273,19514,271,0.9765,0.3662,0.5326,0.1565,-0.0495,0.1795,0.9928939714436806,30256,215,23526,696,0.0296,4775,1836,32374
EQT-instance,0.5,17111,11785,276,0.9841,0.5922,0.7394,0.092,-0.03,0.102,7125,23662,108,0.9851,0.2314,0.3748,0.1265,-0.033,0.1406,0.9950612160199211,24095,119,23526,326,0.0139,2497,920,32374
EQT-instance,0.7,13649,15247,106,0.9923,0.4723,0.64,0.0776,-0.0295,0.0835,3871,26916,29,0.9926,0.1257,0.2232,0.092,-0.02,0.108,0.9977114086279896,17478,40,23526,119,0.0051,1098,409,32374
PhaseNet-instance,0.05,21648,7248,4891,0.8157,0.7492,0.781,0.107,-0.0455,0.1055,20191,10596,3400,0.8559,0.6558,0.7426,0.2155,-0.1055,0.1992,0.98080127328343,40211,772,23526,5513,0.2343,18310,8146,32374
PhaseNet-instance,0.1,21030,7866,2274,0.9024,0.7278,0.8057,0.1052,-0.0455,0.1045,17634,13153,1332,0.9298,0.5728,0.7089,0.202,-0.0995,0.186,0.9859432930570003,37491,527,23526,2756,0.1171,11630,5209,32374
PhaseNet-instance,0.2,20226,8670,1028,0.9516,0.7,0.8066,0.1031,-0.045,0.1025,14117,16670,439,0.9698,0.4585,0.6227,0.1807,-0.093,0.1675,0.9897995492824102,33724,344,23526,1238,0.0526,6979,2946,32374
PhaseNet-instance,0.3,19452,9444,604,0.9699,0.6732,0.7947,0.1011,-0.0446,0.1005,11401,19386,198,0.9829,0.3703,0.538,0.1627,-0.0875,0.147,0.9919447264154032,30539,246,23526,701,0.0298,4841,1920,32374
PhaseNet-instance,0.5,17596,11300,215,0.9879,0.6089,0.7535,0.0955,-0.0425,0.093,6752,24035,56,0.9918,0.2193,0.3592,0.1314,-0.0696,0.117,0.9959966983078828,24230,97,23526,244,0.0104,2521,891,32374
PhaseNet-instance,0.7,14215,14681,77,0.9946,0.4919,0.6583,0.0822,-0.039,0.0805,3218,27569,8,0.9975,0.1045,0.1892,0.0955,-0.052,0.083,0.9978753947746196,17415,37,23526,80,0.0034,1203,367,32374
EQT-ethz,0.05,19899,8997,9503,0.6768,0.6886,0.6827,0.1145,-0.028,0.15,20349,10438,7374,0.734,0.661,0.6956,0.2038,-0.0166,0.263,0.9748416336200236,38834,977,23526,9717,0.413,24691,16049,32374
EQT-ethz,0.1,19232,9664,6228,0.7554,0.6656,0.7076,0.1111,-0.027,0.1481,17981,12806,4550,0.7981,0.584,0.6745,0.1909,-0.016,0.2465,0.9793093922651934,36200,749,23526,7246,0.308,16711,10493,32374
EQT-ethz,0.2,18365,10531,4025,0.8202,0.6356,0.7162,0.1069,-0.026,0.1365,14848,15939,2526,0.8546,0.4823,0.6166,0.1733,-0.0156,0.2199,0.9836929867582148,32624,532,23526,5093,0.2165,11181,6378,32374
EQT-ethz,0.3,17512,11384,2852,0.8599,0.606,0.711,0.1028,-0.0255,0.133,12510,18277,1620,0.8854,0.4063,0.557,0.161,-0.0145,0.2,0.986165007592374,29635,410,23526,3759,0.1598,8217,4535,32374
EQT-ethz,0.5,15735,13161,1476,0.9142,0.5445,0.6825,0.0945,-0.0226,0.121,8724,22063,586,0.9371,0.2834,0.4351,0.1364,-0.0096,0.1696,0.9917236267808616,24286,201,23526,1879,0.0799,4616,2362,32374
EQT-ethz,0.7,13143,15753,583,0.9575,0.4548,0.6167,0.0848,-0.02,0.108,4464,26323,88,0.9807,0.145,0.2526,0.1052,0.0018,0.1315,0.9955026756233634,17566,79,23526,640,0.0272,2150,962,32374
PhaseNet-ethz,0.05,18613,10283,6338,0.746,0.6441,0.6913,0.0882,-0.0076,0.091,19695,11092,8585,0.6964,0.6397,0.6669,0.1912,-0.04,0.213,0.9612725865428244,37467,1451,23526,7510,0.3192,15469,21622,32374
PhaseNet-ethz,0.1,17868,11028,3348,0.8422,0.6184,0.7131,0.0852,-0.0076,0.088,16480,14307,4122,0.7999,0.5353,0.6414,0.1723,-0.039,0.1905,0.971642099666204,33853,960,23526,4435,0.1885,9455,11676,32374
PhaseNet-ethz,0.2,16919,11977,1854,0.9012,0.5855,0.7099,0.0816,-0.0076,0.0865,12243,18544,1566,0.8866,0.3977,0.5491,0.1461,-0.03,0.1542,0.9815179465920476,28947,535,23526,2229,0.0947,5635,5423,32374
PhaseNet-ethz,0.3,16226,12670,1226,0.9298,0.5615,0.7002,0.0794,-0.0075,0.0855,9417,21370,753,0.926,0.3059,0.4598,0.1261,-0.0266,0.1336,0.986006332330063,25583,358,23526,1371,0.0583,4076,3145,32374
PhaseNet-ethz,0.5,14730,14166,546,0.9643,0.5098,0.6669,0.0744,-0.007,0.0825,5820,24967,168,0.9719,0.189,0.3165,0.0991,-0.019,0.1065,0.992501704158146,20538,154,23526,568,0.0241,2340,1361,32374
PhaseNet-ethz,0.7,12184,16712,179,0.9855,0.4217,0.5906,0.0652,-0.006,0.0764,3229,27558,45,0.9863,0.1049,0.1896,0.0794,-0.01,0.0865,0.9964299623523304,15406,55,23526,202,0.0086,1268,561,32374
EQT-stead,0.05,18026,10870,6659,0.7302,0.6238,0.6729,0.0938,-0.027,0.1014,20429,10358,869,0.9592,0.6636,0.7844,0.1809,-0.034,0.198,0.9952911075423936,36739,173,23526,6984,0.2969,10740,7801,32374
EQT-stead,0.1,17278,11618,238,0.9864,0.5979,0.7445,0.0912,-0.0265,0.0979,19454,11333,578,0.9711,0.6319,0.7656,0.1774,-0.033,0.1955,0.996954950340078,35139,107,23526,601,0.0255,7068,6284,32374
EQT-stead,0.2,16053,12843,152,0.9906,0.5555,0.7119,0.0873,-0.028,0.0905,18404,12383,351,0.9813,0.5978,0.743,0.1733,-0.0336,0.1895,0.9981504502592402,32981,61,23526,380,0.0162,4632,5092,32374
EQT-stead,0.3,15089,13807,124,0.9918,0.5222,0.6842,0.0836,-0.029,0.0876,17564,13223,266,0.9851,0.5705,0.7225,0.1696,-0.0335,0.186,0.9986263297447528,31303,43,23526,296,0.0126,3288,4423,32374
EQT-stead,0.5,13189,15707,79,0.994,0.4564,0.6256,0.075,-0.0295,0.0799,14736,16051,137,0.9908,0.4786,0.6455,0.15,-0.03,0.166,0.9992238894227216,27058,21,23526,168,0.0071,1861,2898,32374
EQT-stead,0.7,10118,18778,44,0.9957,0.3502,0.5181,0.0627,-0.029,0.0631,9186,21601,41,0.9956,0.2984,0.4591,0.1126,-0.024,0.1259,0.9993684875276286,19002,12,23526,64,0.0027,1094,1401,32374
PhaseNet-stead,0.05,13993,14903,393,0.9727,0.4843,0.6466,0.0926,-0.0395,0.093,23804,6983,1723,0.9325,0.7732,0.8454,0.1909,-0.047,0.1825,0.930052159957202,37385,2615,23526,1661,0.0706,5555,20143,32374
PhaseNet-stead,0.1,13006,15890,250,0.9811,0.4501,0.6171,0.0875,-0.0385,0.0854,23163,7624,1140,0.9531,0.7524,0.8409,0.1881,-0.0466,0.1785,0.9362082948793244,35757,2281,23526,1147,0.0488,3880,15778,32374
PhaseNet-stead,0.2,11778,17118,153,0.9872,0.4076,0.577,0.0814,-0.037,0.0805,22191,8596,644,0.9718,0.7208,0.8277,0.1834,-0.0465,0.1724,0.9460178843795796,33437,1805,23526,677,0.0288,2518,11896,32374
PhaseNet-stead,0.3,10941,17955,105,0.9905,0.3786,0.5478,0.0774,-0.0356,0.0735,21256,9531,432,0.9801,0.6904,0.8101,0.1792,-0.046,0.1656,0.9547400805607535,31529,1427,23526,471,0.02,1824,9530,32374
PhaseNet-stead,0.5,9294,19602,37,0.996,0.3216,0.4863,0.0707,-0.03,0.0625,17909,12878,186,0.9897,0.5817,0.7327,0.1613,-0.044,0.152,0.9688778766377596,26637,829,23526,205,0.0087,839,5578,32374
PhaseNet-stead,0.7,7434,21462,17,0.9977,0.2573,0.4091,0.0599,-0.028,0.0526,11743,19044,62,0.9947,0.3814,0.5514,0.1259,-0.0376,0.1235,0.9835129993658844,18924,312,23526,72,0.0031,482,2488,32374
RED-PAN-60s,0.05,22518,6378,6740,0.7696,0.7793,0.7744,0.0762,0.006,0.0734,24821,5966,2665,0.903,0.8062,0.8519,0.1485,0.01,0.1511,0.9867346488323844,45306,601,23526,6099,0.2592,30244,17934,32374
RED-PAN-60s,0.1,22126,6770,3593,0.8603,0.7657,0.8103,0.0748,0.006,0.0726,24087,6700,1345,0.9471,0.7824,0.8569,0.147,0.01,0.15,0.9923646826925256,44137,337,23526,3692,0.1569,19231,12578,32374
RED-PAN-60s,0.2,21424,7472,1137,0.9496,0.7414,0.8327,0.0729,0.0064,0.0706,23013,7774,594,0.9748,0.7475,0.8462,0.1446,0.01,0.1489,0.996345546281888,42414,155,23526,1323,0.0562,11322,8509,32374
RED-PAN-60s,0.3,20544,8352,551,0.9739,0.711,0.8219,0.0707,0.007,0.069,21958,8829,372,0.9833,0.7132,0.8268,0.1407,0.01,0.1469,0.997883597883598,40635,86,23526,713,0.0303,8017,6744,32374
RED-PAN-60s,0.5,17795,11101,214,0.9881,0.6158,0.7588,0.0643,0.008,0.0644,18482,12305,176,0.9906,0.6003,0.7476,0.1295,0.01,0.141,0.998912109934154,34930,38,23526,308,0.0131,3798,4416,32374
RED-PAN-60s,0.7,13380,15516,76,0.9944,0.463,0.6318,0.0568,0.01,0.0565,13013,17774,68,0.9948,0.4227,0.5933,0.1149,0.01,0.1255,0.9993754147636336,25617,16,23526,105,0.0045,1889,2510,32374
