model,threshold,has_detection_head,n_event_traces,n_noise_traces,true_pos,false_neg,false_pos,true_neg,precision,recall,F1,matthews_corr,iou_mean_on_true_pos,start_time_mae_seconds,end_time_mae_seconds,boxes_per_trace_mean
EQT-RoSE,0.05,True,27309,23526,27186,123,9347,14179,0.7441,0.9955,0.8517,0.6633,0.6242282061048183,4.9044882157151255,20.691534978516774,1.7764839430224468
EQT-RoSE,0.1,True,27309,23526,27186,123,5494,18032,0.8319,0.9955,0.9064,0.7929,0.6241583061333147,4.904968737905154,20.69369533302675,1.7434179208319602
EQT-RoSE,0.2,True,27309,23526,27186,123,2645,20881,0.9113,0.9955,0.9516,0.8942,0.6240792880377001,4.9054976549047025,20.695744456803297,1.7259511516349921
EQT-RoSE,0.3,True,27309,23526,27186,123,1361,22165,0.9523,0.9955,0.9734,0.9422,0.6239406589646708,4.906486440878813,20.70000404960807,1.7150756160972573
EQT-RoSE,0.5,True,27309,23526,27184,125,268,23258,0.9902,0.9954,0.9928,0.9845,0.623457403088102,4.90748202025708,20.708538378402267,1.661320443809733
EQT-RoSE,0.7,True,27309,23526,27073,236,36,23490,0.9987,0.9914,0.9950,0.9893,0.6243265665460037,4.847010689209698,20.565931417545805,1.4565161668314475
PhaseNet-RoSE,0.05,False,27309,23526,0,0,14719,8807,,,,,,,,
PhaseNet-RoSE,0.1,False,27309,23526,0,0,9318,14208,,,,,,,,
PhaseNet-RoSE,0.2,False,27309,23526,0,0,4838,18688,,,,,,,,
PhaseNet-RoSE,0.3,False,27309,23526,0,0,2659,20867,,,,,,,,
PhaseNet-RoSE,0.5,False,27309,23526,0,0,768,22758,,,,,,,,
PhaseNet-RoSE,0.7,False,27309,23526,0,0,169,23357,,,,,,,,
EQT-instance,0.05,True,27309,23526,24689,2620,2883,20643,0.8954,0.9041,0.8997,0.7822,0.7224663821251751,2.505914161448141,9.274678032615785,1.4323849280456993
EQT-instance,0.1,True,27309,23526,22936,4373,1822,21704,0.9264,0.8399,0.8810,0.7606,0.7289277422265232,2.1476299820848337,9.361110252480898,1.1094510967080449
EQT-instance,0.2,True,27309,23526,19708,7601,1048,22478,0.9495,0.7217,0.8201,0.6869,0.7252810209425499,1.8606432106097814,9.602795319060773,0.8600095206708411
EQT-instance,0.3,True,27309,23526,17019,10290,696,22830,0.9607,0.6232,0.7560,0.6212,0.7190891099198016,1.668545119506554,9.684105433366941,0.7200922772712293
EQT-instance,0.5,True,27309,23526,12416,14893,326,23200,0.9744,0.4546,0.6200,0.5071,0.7145896676497651,1.2705230857235985,9.10323167535854,0.5034603976710974
EQT-instance,0.7,True,27309,23526,8436,18873,119,23407,0.9861,0.3089,0.4704,0.4050,0.7137509225293882,0.8071538886746988,7.910238759759035,0.3313925812003369
PhaseNet-instance,0.05,False,27309,23526,0,0,5513,18013,,,,,,,,
PhaseNet-instance,0.1,False,27309,23526,0,0,2756,20770,,,,,,,,
PhaseNet-instance,0.2,False,27309,23526,0,0,1238,22288,,,,,,,,
PhaseNet-instance,0.3,False,27309,23526,0,0,701,22825,,,,,,,,
PhaseNet-instance,0.5,False,27309,23526,0,0,244,23282,,,,,,,,
PhaseNet-instance,0.7,False,27309,23526,0,0,80,23446,,,,,,,,
EQT-ethz,0.05,True,27309,23526,26135,1174,9717,13809,0.7290,0.9570,0.8276,0.5949,0.5616354792611573,5.714675175841221,10.276428286731365,1.9966311472408365
EQT-ethz,0.1,True,27309,23526,23430,3879,7246,16280,0.7638,0.8580,0.8081,0.5606,0.5783332689235139,4.9557991863473605,10.081331236481647,1.2804203742356
EQT-ethz,0.2,True,27309,23526,18359,8950,5093,18433,0.7828,0.6723,0.7234,0.4559,0.5878911206601147,3.895126375660474,10.303974589398331,0.8343037093998316
EQT-ethz,0.3,True,27309,23526,13877,13432,3759,19767,0.7869,0.5081,0.6175,0.3649,0.5858297213038988,2.856023540065779,10.690442334205411,0.5937969167673661
EQT-ethz,0.5,True,27309,23526,8547,18762,1879,21647,0.8198,0.3130,0.4530,0.2879,0.5667715441296094,1.5573188228318162,11.039084691303307,0.35629279724632906
EQT-ethz,0.7,True,27309,23526,4772,22537,640,22886,0.8817,0.1747,0.2917,0.2385,0.5355523758959033,0.7759507138560688,10.008726504189044,0.2006298289941045
PhaseNet-ethz,0.05,False,27309,23526,0,0,7510,16016,,,,,,,,
PhaseNet-ethz,0.1,False,27309,23526,0,0,4435,19091,,,,,,,,
PhaseNet-ethz,0.2,False,27309,23526,0,0,2229,21297,,,,,,,,
PhaseNet-ethz,0.3,False,27309,23526,0,0,1371,22155,,,,,,,,
PhaseNet-ethz,0.5,False,27309,23526,0,0,568,22958,,,,,,,,
PhaseNet-ethz,0.7,False,27309,23526,0,0,202,23324,,,,,,,,
EQT-stead,0.05,True,27309,23526,22829,4480,6984,16542,0.7657,0.8360,0.7993,0.5458,0.731153877143759,3.2763751858539596,8.870377277723948,1.5661869713281336
EQT-stead,0.1,True,27309,23526,21968,5341,601,22925,0.9734,0.8044,0.8809,0.7816,0.7385995446678769,3.1898918876697295,8.81382809504869,1.3159031821011389
EQT-stead,0.2,True,27309,23526,21028,6281,380,23146,0.9822,0.7700,0.8633,0.7613,0.7419099513570088,3.097224488253271,8.838045393515424,1.1298473030868945
EQT-stead,0.3,True,27309,23526,20243,7066,296,23230,0.9856,0.7413,0.8461,0.7404,0.7445600686017295,2.963418965325661,8.831993875390644,1.0296605514665496
EQT-stead,0.5,True,27309,23526,19227,8082,168,23358,0.9913,0.7041,0.8234,0.7154,0.7491860613005736,2.7507813326190353,8.746865296555688,0.9316342597678421
EQT-stead,0.7,True,27309,23526,17775,9534,64,23462,0.9964,0.6509,0.7874,0.6772,0.7571536262867797,2.380822764499121,8.460114397358126,0.8265407008678458
PhaseNet-stead,0.05,False,27309,23526,0,0,1661,21865,,,,,,,,
PhaseNet-stead,0.1,False,27309,23526,0,0,1147,22379,,,,,,,,
PhaseNet-stead,0.2,False,27309,23526,0,0,677,22849,,,,,,,,
PhaseNet-stead,0.3,False,27309,23526,0,0,471,23055,,,,,,,,
PhaseNet-stead,0.5,False,27309,23526,0,0,205,23321,,,,,,,,
PhaseNet-stead,0.7,False,27309,23526,0,0,72,23454,,,,,,,,
RED-PAN-60s,0.05,True,27309,23526,25853,1456,6099,17427,0.8091,0.9467,0.8725,0.7094,0.43038491316590466,0.8216888849349927,16.098276117013242,2.0344208868871068
RED-PAN-60s,0.1,True,27309,23526,25355,1954,3692,19834,0.8729,0.9284,0.8998,0.7773,0.42575378437479316,0.6656162379565587,16.28960572677264,1.6490534256106046
RED-PAN-60s,0.2,True,27309,23526,24702,2607,1323,22203,0.9492,0.9045,0.9263,0.8462,0.41906354290448505,0.5601165751081806,16.555998789985573,1.3223113259365045
RED-PAN-60s,0.3,True,27309,23526,24257,3052,713,22813,0.9714,0.8882,0.9280,0.8557,0.414540646129462,0.5424757473345319,16.721100358782454,1.2312424475447654
RED-PAN-60s,0.5,True,27309,23526,23288,4021,308,23218,0.9869,0.8528,0.9150,0.8395,0.400731396439739,0.6969662708234174,17.010110203928864,1.1357794133802044
RED-PAN-60s,0.7,True,27309,23526,21482,5827,105,23421,0.9951,0.7866,0.8787,0.7890,0.36633356895826,1.187147734558927,17.514773970642032,1.169760884690029
