public_id,regime,Mw,ml,dmw,n_sta,fc_Hz,Mw_quality
2014_0000003,intermediate,4.444670260413238,5.11881659721089,-0.6741463367976523,39,2.8901913898913927,A
2014_0000217,intermediate,4.204862413505226,4.656109747494114,-0.4512473339888885,48,2.8828403131021445,A
2014_0000243,intermediate,3.5565835472427065,3.7655321918910034,-0.20894864464829688,42,4.138717160762884,A
2014_0000469,intermediate,3.9253038247266585,4.152844379876325,-0.22754055514966653,43,2.0280828169317253,A
2014_0000570,crustal,4.092170765308406,4.782753593844316,-0.6905828285359101,19,1.7537246132594266,A
2014_0000641,intermediate,4.041561584507303,4.464529433422866,-0.4229678489155635,56,4.140480285309275,A
2014_0001123,crustal,4.217127802169719,4.496955684236876,-0.27982788206715714,43,1.664562036608807,A
2014_0001167,intermediate,3.5431096531535107,3.793654989629504,-0.25054533647599353,44,5.368682189530584,A
2014_0001330,intermediate,4.022863700570943,4.5951372178293735,-0.5722735172584308,49,3.615870422257824,A
2014_0001497,intermediate,4.103175270465428,4.494716699012836,-0.39154142854740837,50,1.397993324714992,A
2014_0001518,intermediate,3.814721423822506,4.110250152286301,-0.29552872846379463,54,3.426996902961969,A
2014_0001568,intermediate,4.266659176942808,4.786088462320075,-0.5194292853772673,50,2.8196959612228185,A
2014_0001595,intermediate,3.52768193124164,3.7589153430792273,-0.23123341183758717,39,4.6890028431691455,A
2014_0001639,intermediate,4.038933162424546,4.432236169265351,-0.39330300684080477,49,3.10738503710813,A
2014_0002102,crustal,3.869178417610093,4.233425746336545,-0.36424732872645205,28,1.9647059963897089,A
2015_0000168,crustal,3.722954140030456,3.8943675325692766,-0.17141339253882037,46,2.841429528017376,A
2015_0000276,intermediate,3.54249756002294,3.827860654797462,-0.2853630947745218,48,5.008061084067326,A
2015_0000391,crustal,3.679009027956413,3.763888652394744,-0.08487962443833119,53,3.052015100428417,A
2015_0000557,intermediate,4.079442648808053,4.434183939446475,-0.3547412906384224,60,2.4644011076152177,A
2015_0000778,intermediate,3.597936644080138,3.7976343665719225,-0.19969772249178463,49,5.520907960122371,A
2015_0000780,intermediate,4.341249029923828,4.981469197910685,-0.6402201679868567,63,3.0772390025103,A
2015_0000822,intermediate,4.120589592247026,4.396699649801979,-0.2761100575549529,64,2.9193037028865825,A
2015_0001005,intermediate,3.634874111171471,3.702473181054673,-0.06759906988320186,48,3.492937542300219,A
2015_0001013,intermediate,3.644549733811593,3.8064889469657777,-0.1619392131541848,47,4.0755983930546025,A
2015_0001161,intermediate,3.941119054017267,4.295381313635808,-0.35426225961854074,64,4.699651620046216,A
2015_0001253,intermediate,3.69752565777518,3.834402549392373,-0.13687689161719296,59,4.201567435786744,A
2015_0001272,intermediate,3.646693465034392,3.810368397117293,-0.16367493208290096,47,3.767317247129794,A
2015_0001447,intermediate,3.658013493648752,3.896947112542248,-0.23893361889349585,54,2.545638906389196,A
2015_0001493,intermediate,3.691253011245782,3.8447545391984215,-0.15350152795263927,48,4.086638540387092,A
2015_0001648,intermediate,4.37584376688158,5.006969853661069,-0.6311260867794886,60,2.775469090383232,A
2015_0001697,crustal,3.985486506184262,4.21363130928782,-0.22814480310355778,39,1.3050629533761595,A
2015_0001744,intermediate,4.443129707507983,5.05394396604701,-0.610814258539027,58,2.724032606251138,A
2015_0001863,intermediate,3.748091589216797,4.01170713705712,-0.2636155478403226,58,5.0204578153680925,A
2015_0002108,intermediate,3.674736279573527,3.9394434503785463,-0.26470717080501904,50,3.283024734930899,A
2015_0002193,intermediate,3.612499330370035,3.778813722848522,-0.1663143924784869,40,4.316916679554984,A
2016_0000107,intermediate,3.897725526350107,4.190907041795145,-0.29318151544503834,55,3.729425537645659,A
2016_0000187,intermediate,3.560141539586984,3.714814446784936,-0.15467290719795201,48,5.075035538058319,A
2016_0000289,intermediate,3.949494579391665,4.350559845709691,-0.4010652663180263,49,3.0795909814835314,A
2016_0000330,intermediate,3.6987557273564087,3.8164314529678736,-0.11767572561146489,54,4.20292648651841,A
2016_0000605,intermediate,3.8718633260707054,4.215832097422045,-0.34396877135133996,49,6.1012379884785775,A
2016_0000687,intermediate,3.882418534106444,4.257865189556823,-0.3754466554503795,51,5.317374583561408,A
2016_0000688,intermediate,3.8378917815578406,4.167966505885726,-0.3300747243278854,16,5.169950075019335,A
2016_0000779,intermediate,3.681011306651516,3.86639580493596,-0.18538449828444392,58,3.040409185904407,A
2016_0000915,intermediate,3.731967312697478,3.906870657205653,-0.1749033445081749,55,4.820944492794416,A
2016_0001018,intermediate,3.669010230744105,3.856159042696163,-0.18714881195205813,49,3.605226287205367,A
2016_0001488,crustal,3.704085348500634,3.657958521754001,0.04612682674663304,63,4.240065064638417,A
2017_0000026,intermediate,3.531002534151229,3.7118005917593937,-0.1807980576081647,52,3.5053922901491323,A
2017_0000036,intermediate,4.242064878680137,4.629169242423481,-0.38710436374334467,63,3.161228744717852,A
2017_0000167,intermediate,3.908754327842338,4.382804645772027,-0.4740503179296893,54,4.929272913437617,A
2017_0000233,intermediate,3.827224218725262,4.2551271030952975,-0.42790288437003543,58,4.14396333304232,A
2017_0000326,intermediate,3.852711379008873,4.074419654138826,-0.22170827512995261,48,3.0584481041458726,A
2017_0000471,intermediate,3.5094337065600745,3.754852520009349,-0.24541881344927452,42,5.263458886539107,A
2017_0000634,intermediate,3.913130186816661,4.2032338573712815,-0.2901036705546205,63,3.356775573486524,A
2017_0000648,intermediate,3.9361822129446855,4.31165544482008,-0.37547323187539483,59,2.5878054118943483,A
2017_0000746,intermediate,3.5903581077374183,3.770873230424971,-0.18051512268755276,60,5.517566753882686,A
2017_0000937,intermediate,4.1236056592195744,4.512519599775916,-0.38891394055634176,53,2.9480925589971547,A
2017_0000956,intermediate,3.709966569331797,3.929194901509464,-0.2192283321776669,50,3.8653597156897472,A
2017_0001018,intermediate,4.363599305923762,4.961958057930708,-0.5983587520069467,64,2.659447427288036,A
2017_0001157,intermediate,3.5062814755135303,3.6815006847761858,-0.17521920926265544,54,3.645312653255724,A
2017_0001192,intermediate,3.9069958175787214,4.257717303919477,-0.3507214863407553,57,4.6685383851364834,A
2017_0001194,intermediate,3.7997649204817927,4.123318527202692,-0.3235536067208997,62,3.4233669565518543,A
2017_0001416,intermediate,4.39998090700343,4.865422835850578,-0.46544192884714786,59,2.6397859691589334,A
2017_0001452,intermediate,3.9838561295685913,4.233331647087846,-0.2494755175192549,50,3.514002677491668,A
2017_0001484,crustal,3.514650515572982,3.7959844264497886,-0.2813339108768065,41,3.911171433833701,A
2018_0000600,intermediate,3.510933990893946,3.730024613483178,-0.21909062258923173,51,5.057893155094757,A
2018_0001167,intermediate,3.5229999543827226,3.681895119013445,-0.15889516463072217,52,4.720406641478036,A
2018_0001217,intermediate,3.8369429782006206,4.235767441032575,-0.3988244628319544,56,4.72045763047395,A
2018_0001273,crustal,3.5205900406245494,3.5569053197799034,-0.03631527915535404,42,3.349256287861888,A
2018_0001320,intermediate,3.6824378311187824,3.9045386879866215,-0.2221008568678391,46,3.219281336877785,A
2018_0001336,intermediate,3.8919301203699272,4.180515356739322,-0.28858523636939504,42,1.5543643412447532,A
2019_0000153,intermediate,3.567779004287169,3.720968013214285,-0.15318900892711573,51,4.553707244991965,A
2019_0000340,intermediate,3.6341774353522327,3.588828218619394,0.04534921673283865,40,3.710526917038218,A
2019_0000468,intermediate,4.104726915621801,4.623090339869409,-0.5183634242476085,51,5.049919585569822,A
2019_0000562,intermediate,3.790016845445052,3.947854621360715,-0.15783777591566306,52,1.961117370392925,A
2019_0000630,crustal,3.598506663792917,4.16599588380483,-0.5674892200119128,21,3.3807058549892126,A
2019_0000698,intermediate,3.813058454733559,4.175492785997721,-0.36243433126416225,55,5.171245280727254,A
2019_0000713,intermediate,3.774427589946888,4.143424418476057,-0.36899682852916893,55,5.761502938355484,A
2019_0000729,intermediate,3.8648429105739655,4.1690356989749375,-0.3041927884009721,55,2.378303307176306,A
2019_0000825,intermediate,3.90802536185439,4.222244562272135,-0.31421920041774554,58,3.0789939736048706,A
2019_0001015,intermediate,3.878913912479742,3.968954277527018,-0.09004036504727608,67,3.088354256540132,A
2019_0001030,intermediate,3.784376748695379,4.1481463380292745,-0.36376958933389547,53,5.647875733568058,A
2019_0001064,intermediate,3.654545584455965,3.860773419409036,-0.20622783495307084,52,3.81934116959993,A
2019_0001129,intermediate,3.916860578218842,4.2846285305593215,-0.36776795234047954,58,4.020320669346964,A
2019_0001146,intermediate,4.469872102027065,4.878677554946057,-0.4088054529189922,61,2.3712443023414784,A
2019_0001171,intermediate,3.937903962180048,4.277241060714031,-0.3393370985339832,64,3.3131328718312743,A
2019_0001225,intermediate,3.7048116314513777,4.098368481514727,-0.39355685006334973,61,2.637106613866853,A
2019_0001256,intermediate,3.563749857044744,3.825775229402621,-0.26202537235787693,53,4.437256470643415,A
2020_0000182,intermediate,4.022784027398176,4.34436298217805,-0.3215789547798744,63,3.2174981758952064,A
2020_0000192,intermediate,4.197811017451223,4.604408448806659,-0.40659743135543547,64,3.4544531093698843,A
2020_0000218,intermediate,3.926755191328629,4.06465687540021,-0.13790168407158143,44,3.5796273177374345,A
2020_0000332,crustal,4.412911054307022,4.992044493747099,-0.5791334394400769,49,2.0275228728495622,A
2020_0000404,intermediate,3.564197957919376,3.814875748863137,-0.2506777909437612,54,3.780737756827939,A
2020_0000425,intermediate,3.917333453553936,4.268888398711455,-0.3515549451575195,56,4.278197004521522,A
2020_0000447,intermediate,4.349739851594458,4.655401904015763,-0.3056620524213054,52,2.693293822944578,A
2020_0000501,intermediate,3.661469010432064,3.8983965466071,-0.23692753617503604,56,3.785402961093854,A
2020_0000515,crustal,3.968136156785085,4.479217663941497,-0.5110815071564119,22,1.6433143282928993,A
2020_0000708,intermediate,3.5375976934796856,3.6639814695104382,-0.12638377603075268,50,4.0972955579974695,A
2020_0000772,crustal,3.547967876306545,3.517693113557385,0.03027476274916019,40,2.147991313782128,A
2020_0000934,intermediate,3.589318176031136,3.708071141159015,-0.11875296512787914,52,4.246564096448592,A
2020_0000975,intermediate,3.671958662835334,3.871119514157797,-0.1991608513224632,60,5.013904154992773,A
2020_0001005,crustal,3.753833954252248,4.10256149753486,-0.348727543282612,52,2.20427301005344,A
2020_0001035,intermediate,3.5510932802200084,3.7467729265377727,-0.19567964631776436,46,4.50004227403276,A
2021_0000094,intermediate,3.772724268777768,4.078207797906415,-0.30548352912864685,57,5.203474018665848,A
2021_0000167,intermediate,3.635709469838881,3.8132578954659655,-0.1775484256270845,58,3.144127863009007,A
2021_0000221,intermediate,3.689745430501216,3.961775932711796,-0.2720305022105802,58,6.211335131645322,A
2021_0000243,intermediate,3.581080864693241,3.808319426535986,-0.22723856184274505,60,3.981315234368322,A
2021_0000257,intermediate,3.9808247685588665,4.144545440178471,-0.1637206716196049,63,2.2345280000012107,A
2021_0000279,intermediate,3.776707100398345,4.02965270678065,-0.2529456063823048,53,4.323791051974471,A
2021_0000281,intermediate,3.6172306132295935,3.783175445676549,-0.16594483244695546,56,4.03767406683092,A
2021_0000405,intermediate,4.34377080066086,4.709503369645919,-0.36573256898505857,61,2.200984115381258,A
2021_0000433,intermediate,3.5559779937192406,3.507552869713141,0.04842512400609955,48,2.6817263135864904,A
2021_0000537,intermediate,4.493948589510754,5.051118561961495,-0.5571699724507413,67,3.0488011896727523,A
2021_0000699,intermediate,4.017524958610465,4.410304475939917,-0.39277951732945215,52,3.344512135075843,A
2021_0000722,intermediate,3.7534019425309055,4.00864335588674,-0.2552414133558343,63,2.9069551895891026,A
2021_0000794,crustal,3.761299744819245,3.967512246413993,-0.2062125015947478,36,1.4264689533930923,A
2021_0000833,intermediate,4.0375740001406895,4.312896282214562,-0.27532228207387277,63,2.22518271733017,A
2021_0000929,intermediate,4.323530412578945,4.731602991440714,-0.40807257886176895,64,2.972831952478141,A
2021_0000977,intermediate,3.908774589587524,4.055228693847054,-0.1464541042595302,51,2.584194583560001,A
2022_0000062,intermediate,3.824489119023819,3.9235457143584966,-0.09905659533467759,55,2.8212385190880207,A
2022_0000064,intermediate,3.926767933158714,4.283534721868679,-0.3567667887099648,58,4.985087512097228,A
2022_0000090,intermediate,3.660751280537585,3.8845155026167375,-0.22376422207915247,58,3.681806774829148,A
2022_0000217,intermediate,4.002075232405782,4.312467605613277,-0.31039237320749447,65,2.6207312705127506,A
2022_0000312,intermediate,4.106570809911366,4.542169094856323,-0.4355982849449571,66,4.3457861531372535,A
2022_0000376,intermediate,3.731186733187412,3.9910476646991055,-0.25986093151169376,59,4.824682635728604,A
2022_0000402,crustal,3.740358640384531,3.834959431784353,-0.09460079139982236,55,2.647593551235708,A
2022_0000410,crustal,3.6782878797314655,4.22894305151366,-0.5506551717821946,24,2.555024748788034,A
2022_0000416,intermediate,3.777468890249481,3.964312299100453,-0.18684340885097184,54,4.033146361559116,A
2022_0000544,intermediate,3.911615048178508,4.3468502616171,-0.4352352134385922,57,4.4532258896928125,A
2022_0000549,intermediate,3.892957318754948,4.278011933180164,-0.3850546144252154,58,3.104037258800528,A
2022_0000560,crustal,3.743559301108761,4.038538359798233,-0.29497905868947205,45,3.0661926941949487,A
2022_0000609,intermediate,3.707806771563368,4.037492036798241,-0.3296852652348732,54,4.2939815256118,A
2022_0000833,intermediate,3.7025745513238455,3.942455957230498,-0.2398814059066523,57,5.298747462102997,A
2022_0000836,intermediate,4.3168753341527815,4.701810143700932,-0.3849348095481506,59,1.4169631266081195,A
2023_0000111,crustal,3.83068796603768,4.493895725269063,-0.663207759231383,22,2.3105080525854524,A
2023_0000431,crustal,3.5805932808988845,4.369679949775827,-0.7890866688769429,22,5.036064228847273,A
2023_0000492,crustal,3.533572825218196,4.230377249268087,-0.696804424049891,24,3.630719024444245,A
2023_0001323,intermediate,3.767322035587536,4.114847841235758,-0.34752580564822155,66,4.417985011001936,A
2023_0001388,intermediate,3.958555936093157,4.392542316093978,-0.43398638000082146,74,3.36471113463242,A
2023_0001661,crustal,4.302637633822946,5.144847023430445,-0.8422093896074987,19,2.16458201902316,A
2023_0001925,intermediate,3.615954379219805,3.7432167868598607,-0.12726240764005592,69,2.386513047038767,A
2023_0002024,crustal,3.776913340962197,4.3316131079721965,-0.5546997670099993,21,2.4919589619350884,A
2023_0002113,crustal,3.5236302087135214,4.057738153513423,-0.5341079447999015,22,2.514789328916625,A
2023_0002848,intermediate,3.7400771347520414,3.997681804399112,-0.2576046696470704,66,4.274309756979939,A
2023_0002874,crustal,4.254744639259345,4.775784410610277,-0.5210397713509325,20,2.527434354914403,A
2023_0002877,crustal,3.8697504129712494,4.56027819257845,-0.6905277796072009,21,2.1535041348740345,A
2023_0002900,crustal,3.850365588365151,4.323827544752788,-0.47346195638763744,20,2.420789094925238,A
2023_0003105,intermediate,4.054796000302115,4.330959679457798,-0.2761636791556823,65,2.1440569112926364,A
2023_0003278,intermediate,3.861096502396404,4.154535168614004,-0.29343866621759984,53,4.924046429408992,A
2023_0003361,crustal,3.95280063589312,4.4034883158935365,-0.4506876800004167,21,1.8117991730261105,A
2023_0003519,intermediate,3.761500884561789,4.038839046211259,-0.2773381616494701,52,4.599677208758577,A
2023_0003700,crustal,4.179925142368957,4.68535327803075,-0.5054281356617922,24,1.8414457781291007,A
2023_0003871,intermediate,3.825018833955539,4.028736813883224,-0.20371797992768537,46,3.17282637445737,A
2023_0004045,intermediate,4.084087905368914,4.403161997261919,-0.31907409189300484,47,2.158861620435489,A
2023_0004048,intermediate,3.6918258303563,3.9095056888274193,-0.21767985847111948,43,4.700991013190352,A
2023_0004107,crustal,3.777784673469845,4.471894356317604,-0.6941096828477589,23,3.407236354252439,A
2023_0004176,intermediate,4.035266270656042,4.3084295765405685,-0.27316330588452686,57,3.1005691154675588,A
2023_0004230,intermediate,3.604098530442009,3.6835118504483866,-0.07941332000637757,45,4.216168394936354,A
2023_0004361,intermediate,3.734903643671427,4.075341039124446,-0.3404373954530189,53,6.332462408295823,A
2023_0004794,crustal,3.6339432050819385,4.245575229029127,-0.6116320239471884,25,3.4014667610163603,A
2023_0004842,crustal,3.810885266779444,4.489192003895076,-0.6783067371156322,22,4.022215683735806,A
2024_0000033,crustal,3.5002363484274217,3.712005702870844,-0.2117693544434225,45,3.156093041922988,A
2024_0000130,intermediate,3.86196527602042,4.151626768963951,-0.2896614929435315,69,4.3074782173608535,A
2024_0000142,intermediate,3.625547936452841,3.867719082840287,-0.24217114638744608,62,5.186525994336066,A
2024_0000301,crustal,3.556276317492118,3.8537020190549898,-0.29742570156287185,17,2.7084536468116536,A
2024_0000372,intermediate,3.729578695031402,3.953019300144722,-0.22344060511331998,57,4.250693390794643,A
2024_0000419,intermediate,3.721974363290984,3.894282423148893,-0.17230805985790898,59,4.293621844147923,A
2024_0000423,intermediate,4.028424344143501,4.287693256373645,-0.25926891223014437,82,3.3858870184113834,A
2024_0000589,crustal,3.585862998223976,3.733048884236049,-0.14718588601207294,18,5.0898024591075295,A
2024_0000650,intermediate,4.264459365230009,4.735865373409755,-0.47140600817974576,66,4.330900406577505,A
2024_0000669,intermediate,3.834606188805604,4.079252081397184,-0.24464589259158043,51,4.432358293361959,A
2024_0000680,crustal,4.185964653413879,4.714959252754234,-0.5289945993403551,33,1.787232836486188,A
2024_0000792,crustal,3.6737287104612975,4.10654300642191,-0.43281429596061294,24,2.3912895956789577,A
