ml,n_events,clipped,rejected
"(-0.5, 0.0]",30,0.0,0.0
"(0.0, 0.5]",780,0.0,0.00038461538461538467
"(0.5, 1.0]",4900,0.00027632005183025595,0.0006498257767449655
"(1.0, 1.5]",8149,0.00037598784684316644,0.001985358509668342
"(1.5, 2.0]",2903,0.00021324409887964825,0.002600475735470896
"(2.0, 2.5]",921,6.683282334748133e-05,0.002034179169988926
"(2.5, 3.0]",354,0.00017183472623603815,0.0019068340309033938
"(3.0, 3.5]",139,0.00032701111837802444,0.0014978855531215243
"(3.5, 4.0]",93,0.000760425838469542,0.0003614604216025758
"(4.0, 4.5]",32,0.0059378132913826065,0.0
"(4.5, 5.0]",19,0.017663983301874825,0.0
"(5.0, 5.5]",5,0.03220015278838804,0.0
"(5.5, 6.0]",3,0.04337301587301587,0.0
