regime,sample,bin,n,mean,se,median,std
crustal,fit_set,"(2.0, 2.5]",447,-0.026069546991027787,0.009955742047932922,-0.06798412484024796,0.21048802692092936
crustal,fit_set,"(2.5, 3.0]",147,-0.021758473026176058,0.015446953559195007,-0.06865769271974775,0.1872843587067786
crustal,fit_set,"(3.0, 3.5]",38,-0.017690238906337388,0.03246115141318861,-0.08992359922963944,0.20010397632395602
crustal,fit_set,"(3.5, 4.0]",19,-0.07765632155745103,0.05536928284614843,-0.05386163089726814,0.24134910850268115
crustal,fit_set,"(4.0, 4.5]",9,-0.06064614073162492,0.09627268787352351,-0.05754007264163796,0.28881806362057055
crustal,fit_set,"(4.5, 5.0]",3,0.0299735751780581,0.07502909814399918,0.10460530101425913,0.1299542100314783
crustal,all_quality_AB,"(0.5, 1.0]",4413,0.04839145376466916,0.0034108856616552013,0.012276541053093837,0.22658654906956346
crustal,all_quality_AB,"(1.0, 1.5]",7279,-0.006107015006913647,0.0022981844555039774,-0.02996654111219965,0.19607433128911828
crustal,all_quality_AB,"(1.5, 2.0]",2060,-0.011374849686597351,0.004267691058345294,-0.041616006051522936,0.19369864521242677
crustal,all_quality_AB,"(2.0, 2.5]",447,-0.026069546991027787,0.009955742047932922,-0.06798412484024796,0.21048802692092936
crustal,all_quality_AB,"(2.5, 3.0]",148,-0.01840815027096004,0.01570377659462992,-0.06853290394240208,0.1910446877079781
crustal,all_quality_AB,"(3.0, 3.5]",38,-0.017690238906337388,0.03246115141318861,-0.08992359922963944,0.20010397632395602
crustal,all_quality_AB,"(3.5, 4.0]",21,-0.05306820868013166,0.052967125104556374,-0.032647200649373875,0.24272586013582534
crustal,all_quality_AB,"(4.0, 4.5]",9,-0.06064614073162492,0.09627268787352351,-0.05754007264163796,0.28881806362057055
crustal,all_quality_AB,"(4.5, 5.0]",4,0.05617939583854503,0.05917286388743183,0.10500232317576197,0.11834572777486366
crustal,all_quality_AB,"(5.0, 5.5]",2,0.4781060773282664,0.20005115766773904,0.4781060773282664,0.28291506034215497
intermediate,fit_set,"(2.0, 2.5]",470,-0.0025718226472720767,0.004314585432514253,0.0020938334116591406,0.09353798321322827
intermediate,fit_set,"(2.5, 3.0]",206,-0.0047351607257137595,0.005305648904180559,-0.0017301884795521971,0.07615038752792443
intermediate,fit_set,"(3.0, 3.5]",101,-0.017368926794399598,0.006342585724750292,-0.021920248904549133,0.06374219765003733
intermediate,fit_set,"(3.5, 4.0]",72,-1.6383691402912762e-05,0.0066166230257603195,-0.006960617727280738,0.056143908120842086
intermediate,fit_set,"(4.0, 4.5]",23,-0.005801931002254288,0.014200084596486376,-0.011394549004113408,0.06810121334153674
intermediate,fit_set,"(4.5, 5.0]",15,0.011883787032920168,0.025643485167942258,0.015814675195509942,0.09931679099415727
intermediate,fit_set,"(5.0, 5.5]",2,0.06210635690177435,0.019190961087043323,0.06210635690177435,0.027140117444270983
intermediate,all_quality_AB,"(0.5, 1.0]",42,-0.021826503405467573,0.021541371480129808,-0.0063085682581065505,0.1396040428507996
intermediate,all_quality_AB,"(1.0, 1.5]",600,-0.036004073252460425,0.005756877842514255,-0.035812245679339494,0.1410141322569442
intermediate,all_quality_AB,"(1.5, 2.0]",816,-0.03083903799796605,0.004229389249440698,-0.02526968058946588,0.12081552248531724
intermediate,all_quality_AB,"(2.0, 2.5]",470,-0.0025718226472720767,0.004314585432514253,0.0020938334116591406,0.09353798321322827
intermediate,all_quality_AB,"(2.5, 3.0]",206,-0.0047351607257137595,0.005305648904180559,-0.0017301884795521971,0.07615038752792443
intermediate,all_quality_AB,"(3.0, 3.5]",101,-0.017368926794399598,0.006342585724750292,-0.021920248904549133,0.06374219765003733
intermediate,all_quality_AB,"(3.5, 4.0]",72,-1.6383691402912762e-05,0.0066166230257603195,-0.006960617727280738,0.056143908120842086
intermediate,all_quality_AB,"(4.0, 4.5]",23,-0.005801931002254288,0.014200084596486376,-0.011394549004113408,0.06810121334153674
intermediate,all_quality_AB,"(4.5, 5.0]",15,0.011883787032920168,0.025643485167942258,0.015814675195509942,0.09931679099415727
intermediate,all_quality_AB,"(5.0, 5.5]",3,0.14676233925132612,0.08537798121714849,0.08129731798881767,0.14787900131576245
intermediate,all_quality_AB,"(5.5, 6.0]",3,0.2237697369460753,0.013645736190764765,0.23442374162139146,0.023635108389085967
