regime,Mw,n,mean,median,std
crustal,"(1.5, 2.0]",8248,-0.6193062701400767,-0.5917236456420155,0.2227172283715899
crustal,"(2.0, 2.5]",3309,-0.6920961005098963,-0.6864453996725741,0.29328088514546247
crustal,"(2.5, 3.0]",535,-0.552277866323322,-0.5721969688571771,0.3355624984883316
crustal,"(3.0, 3.5]",85,-0.2642403603495326,-0.3680389970050557,0.33291340499898625
crustal,"(3.5, 4.0]",32,-0.1164971318300554,-0.12709780459394304,0.25324241863787694
crustal,"(4.0, 4.5]",8,0.04291698219331319,0.041431944747168714,0.19242031663484152
crustal,"(4.5, 5.0]",2,0.16060668166042325,0.16060668166042325,0.03451613532056023
crustal,"(5.0, 5.5]",2,-0.11185107741216749,-0.11185107741216749,0.30742672569339197
intermediate,"(1.5, 2.0]",263,-0.6761262682032853,-0.6753147754160331,0.16596979202185277
intermediate,"(2.0, 2.5]",1059,-0.6726081254730126,-0.6695346658604309,0.15822973608101817
intermediate,"(2.5, 3.0]",648,-0.5496935229720854,-0.5425668740646767,0.1421004268903815
intermediate,"(3.0, 3.5]",230,-0.3383339144730897,-0.3413201549811953,0.12157997743772103
intermediate,"(3.5, 4.0]",101,-0.1037807051987204,-0.10821332891525959,0.09850144361427593
intermediate,"(4.0, 4.5]",34,0.07742953885003999,0.05185548427620823,0.11809328821159418
intermediate,"(4.5, 5.0]",8,0.17124221800454664,0.17941788092403987,0.09750722847235861
intermediate,"(5.0, 5.5]",3,0.21219003771196002,0.24276699422576709,0.13658000802638187
intermediate,"(5.5, 6.0]",2,0.31957496275635267,0.31957496275635267,0.052720456217721985
