station_key,network,station,location,channel_prefix,response_epoch,S_station_term,n_obs
BS.BLKB..HH@2012-11-20,BS,BLKB,,HH,2012-11-20,-0.5231319419050966,191
BS.ELND..HH@2012-11-20,BS,ELND,,HH,2012-11-20,-0.2731098591856876,99
BS.KALB..HH@2012-11-20,BS,KALB,,HH,2012-11-20,0.0707100980824634,66
BS.KUBB..HH@2012-11-20,BS,KUBB,,HH,2012-11-20,0.3175175157135183,31
BS.KUBB..HN@2012-11-20,BS,KUBB,,HN,2012-11-20,0.2351894349254027,2
BS.LOZB..HH@2012-11-20,BS,LOZB,,HH,2012-11-20,0.248727675332019,198
BS.LOZB..HN@2012-11-20,BS,LOZB,,HN,2012-11-20,1.2021465646961689,1
BS.PLVB..HH@2012-11-20,BS,PLVB,,HH,2012-11-20,-0.4665152972122399,233
BS.RAZG..HH@2012-11-20,BS,RAZG,,HH,2012-11-20,-0.0012005170415554,206
BS.SHAB..HH@2013-12-02,BS,SHAB,,HH,2013-12-02,-0.1113233349648951,37
GE.PSZ..BH@2002-06-20,GE,PSZ,,BH,2002-06-20,-0.4170942625931699,21
GE.TIRR..BH@2004-12-26,GE,TIRR,,BH,2004-12-26,-0.2400433380394527,763
GE.TIRR..HH@2004-12-26,GE,TIRR,,HH,2004-12-26,-0.3660884634486219,1575
GE.TIRR..HN@2004-12-26,GE,TIRR,,HN,2004-12-26,-0.5664595913739545,1
HU.AMBH..HH@2014-04-03,HU,AMBH,,HH,2014-04-03,-0.1161444324134579,44
HU.BSZH..HH@2013-09-11,HU,BSZH,,HH,2013-09-11,0.0018002514532736,4
HU.LTVH..HH@2012-05-30,HU,LTVH,,HH,2012-05-30,-0.1717991613755811,32
HU.MORH..BH@2012-03-02,HU,MORH,,BH,2012-03-02,-0.7902155350126401,17
HU.MORH..HH@2012-03-02,HU,MORH,,HH,2012-03-02,-1.0332943872127656,5
HU.TRPA..BH@2005-07-11,HU,TRPA,,BH,2005-07-11,-0.24036853772192,29
MD.KIS..BH@2013-11-28,MD,KIS,,BH,2013-11-28,0.5312020282465507,117
MD.KIS..HH@2013-11-28,MD,KIS,,HH,2013-11-28,0.4372873879912775,132
MD.KIS..HN@2007-08-03,MD,KIS,,HN,2007-08-03,0.5520001085178374,7
MD.PURM..BH@2013-11-28,MD,PURM,,BH,2013-11-28,0.1971743574043887,143
MD.PURM..HH@2013-11-28,MD,PURM,,HH,2013-11-28,0.146824778173695,32
MD.PURM..HN@2013-11-28,MD,PURM,,HN,2013-11-28,0.0243061196740321,1
MD.SORM..BH@2009-10-26,MD,SORM,,BH,2009-10-26,0.1095058439361034,164
MD.SORM..HH@2009-10-26,MD,SORM,,HH,2009-10-26,0.1599736464768565,272
MN.VTS..BH@1996-05-10,MN,VTS,,BH,1996-05-10,-0.5956296732570262,28
RO.ADCR..HN@2019-05-15,RO,ADCR,,HN,2019-05-15,0.555562835495303,1
RO.ADJ..HN@2011-03-28,RO,ADJ,,HN,2011-03-28,0.1467047303554711,2
RO.AMRR..BH@2011-06-27,RO,AMRR,,BH,2011-06-27,0.1985089958699253,277
RO.AMRR..HH@2011-06-27,RO,AMRR,,HH,2011-06-27,0.1254951429517925,482
RO.AMRR..HN@2008-05-22,RO,AMRR,,HN,2008-05-22,0.1726262242933351,27
RO.ARCB..HN@2018-01-30,RO,ARCB,,HN,2018-01-30,0.357410737608594,1
RO.ARCR..BH@2010-06-18,RO,ARCR,,BH,2010-06-18,-0.0252754973994764,123
RO.ARCR..HH@2010-06-18,RO,ARCR,,HH,2010-06-18,-0.1986916202941701,62
RO.ARCR..HN@2009-05-18,RO,ARCR,,HN,2009-05-18,-0.2832628916203242,1
RO.ARR..BH@2009-02-03,RO,ARR,,BH,2009-02-03,-0.6677469091259705,2211
RO.ARR..HH@2009-02-03,RO,ARR,,HH,2009-02-03,-0.7293112545723555,40
RO.BAC..HN@2011-03-28,RO,BAC,,HN,2011-03-28,0.0585631170161083,2
RO.BAIL..HH@2012-10-31,RO,BAIL,,HH,2012-10-31,-0.1428734262019642,175
RO.BANR..BH@2008-08-10,RO,BANR,,BH,2008-08-10,0.4970397798592624,89
RO.BANR..HH@2008-08-10,RO,BANR,,HH,2008-08-10,0.2894172470654246,125
RO.BAPR..EH@2008-09-12,RO,BAPR,,EH,2008-09-12,0.119071695934028,6
RO.BAPR..HN@2008-09-12,RO,BAPR,,HN,2008-09-12,0.0356874928350259,4
RO.BBER..HN@2018-07-26,RO,BBER,,HN,2018-07-26,0.7325796118947865,2
RO.BFER..HN@2009-05-29,RO,BFER,,HN,2009-05-29,0.4179249561104303,1
RO.BIR..EH@2012-11-18,RO,BIR,,EH,2012-11-18,0.2402127061377513,576
RO.BIR..HN@2012-11-18,RO,BIR,,HN,2012-11-18,0.3132234298767797,6
RO.BISC..HN@2018-07-26,RO,BISC,,HN,2018-07-26,0.4568172005481005,3
RO.BISRR..HH@2012-12-06,RO,BISRR,,HH,2012-12-06,0.3106487756875585,1864
RO.BISRR..HN@2012-12-06,RO,BISRR,,HN,2012-12-06,0.0303180526729591,5
RO.BIZ..BH@2012-05-30,RO,BIZ,,BH,2012-05-30,-0.1558667745753756,596
RO.BIZ..HH@2012-05-30,RO,BIZ,,HH,2012-05-30,-0.2210492146008616,93
RO.BMR..BH@2009-10-26,RO,BMR,,BH,2009-10-26,0.0508557470175293,12
RO.BMR..BH@2015-06-05,RO,BMR,,BH,2015-06-05,0.0835124511318565,88
RO.BMR..HH@2009-10-26,RO,BMR,,HH,2009-10-26,0.045071647930325,2
RO.BMR..HH@2015-06-05,RO,BMR,,HH,2015-06-05,0.1327946411184147,34
RO.BORR..BH@2015-11-23,RO,BORR,,BH,2015-11-23,0.0547904419574165,67
RO.BORR..HH@2015-11-23,RO,BORR,,HH,2015-11-23,-0.0018049844813677,49
RO.BOSR..HH@2017-11-15,RO,BOSR,,HH,2017-11-15,0.0278764982644307,554
RO.BSTR..EH@2008-08-21,RO,BSTR,,EH,2008-08-21,-0.0195934610934337,12
RO.BSTR..HN@2008-08-21,RO,BSTR,,HN,2008-08-21,0.2206075724817963,4
RO.BTMR..EH@2010-04-08,RO,BTMR,,EH,2010-04-08,-0.034762471466527,9
RO.BUC..EH@2008-02-05,RO,BUC,,EH,2008-02-05,-0.7976890853614239,18
RO.BUC..HN@2013-07-11,RO,BUC,,HN,2013-07-11,0.4438692963715376,1
RO.BUC1..EH@2008-07-08,RO,BUC1,,EH,2008-07-08,0.0272002545628514,335
RO.BUC1..HN@2005-05-25,RO,BUC1,,HN,2005-05-25,0.4857501001953723,1
RO.BUR01..BH@2008-02-27,RO,BUR01,,BH,2008-02-27,-0.5787649345567913,17
RO.BUR01..HH@2018-11-15,RO,BUR01,,HH,2018-11-15,-1.12307475986281,5
RO.BURAR..BH@2002-08-08,RO,BURAR,,BH,2002-08-08,0.9233330062616812,964
RO.BVES..HN@2010-09-11,RO,BVES,,HN,2010-09-11,0.3907818851437362,2
RO.BVPR..EH@2023-02-21,RO,BVPR,,EH,2023-02-21,-0.2340399708581189,1758
RO.BVPR..HN@2023-02-21,RO,BVPR,,HN,2023-02-21,0.2633976032128582,1
RO.BZS..BH@2013-08-28,RO,BZS,,BH,2013-08-28,-0.6058023857486688,4078
RO.BZS..HH@2013-08-28,RO,BZS,,HH,2013-08-28,-0.6157106256186087,691
RO.CEIR..BH@2021-12-16,RO,CEIR,,BH,2021-12-16,-0.1522567334748926,9
RO.CEIR..HH@2021-12-16,RO,CEIR,,HH,2021-12-16,-0.2123409751587829,1
RO.CFR..BH@2009-01-14,RO,CFR,,BH,2009-01-14,-0.1909684409253092,1360
RO.CFR..HH@2009-01-14,RO,CFR,,HH,2009-01-14,-0.1054888659464455,2169
RO.CFR..HN@2008-05-12,RO,CFR,,HN,2008-05-12,0.2193129010163204,1
RO.CHLR..HH@2021-09-09,RO,CHLR,,HH,2021-09-09,-0.2778260990177533,45
RO.CHLR..HN@2021-09-09,RO,CHLR,,HN,2021-09-09,0.954324792037147,9
RO.CICN..HH@2019-03-22,RO,CICN,,HH,2019-03-22,0.6287332338901791,307
RO.CICN..HN@2019-03-22,RO,CICN,,HN,2019-03-22,-0.0257555660352145,6
RO.CIOR..EH@2010-03-26,RO,CIOR,,EH,2010-03-26,0.1343661086175131,117
RO.CIOR..HN@2013-06-18,RO,CIOR,,HN,2013-06-18,0.3179606420766325,3
RO.CJR..BH@2009-12-11,RO,CJR,,BH,2009-12-11,-0.0370935657306543,766
RO.CJR..HH@2009-12-11,RO,CJR,,HH,2009-12-11,-0.1006508839353019,339
RO.CJR..HN@2009-08-20,RO,CJR,,HN,2009-08-20,0.0629348948610298,2
RO.CLISU..HN@2012-10-31,RO,CLISU,,HN,2012-10-31,0.0367122109380639,1
RO.COPA..HH@2012-10-31,RO,COPA,,HH,2012-10-31,0.1782212419805985,556
RO.COPA..HN@2012-10-31,RO,COPA,,HN,2012-10-31,0.148259093215864,18
RO.COPR..HN@2022-01-12,RO,COPR,,HN,2022-01-12,0.0289564502606192,2
RO.CPSR..HH@2023-05-26,RO,CPSR,,HH,2023-05-26,-0.5157972841656377,858
RO.CRAR..HH@2019-10-25,RO,CRAR,,HH,2019-10-25,-0.1801509910229184,72
RO.CRAR..HN@2019-10-25,RO,CRAR,,HN,2019-10-25,-0.1354382611056089,1
RO.CRBR..HN@2022-10-27,RO,CRBR,,HN,2022-10-27,-0.2907397034549228,2
RO.CRCR..EH@2024-02-13,RO,CRCR,,EH,2024-02-13,0.2652347428524692,146
RO.CRCR..HN@2024-02-13,RO,CRCR,,HN,2024-02-13,0.1920120316858772,1
RO.CVD1..BH@2010-06-25,RO,CVD1,,BH,2010-06-25,0.1264408777208066,31
RO.CVD1..HH@2010-06-25,RO,CVD1,,HH,2010-06-25,0.0381441718190894,2
RO.CVDA..EH@2010-11-16,RO,CVDA,,EH,2010-11-16,0.1979422871398679,529
RO.CVDA..HN@2010-11-16,RO,CVDA,,HN,2010-11-16,0.3630761101453799,2
RO.CVSR..HH@2022-07-06,RO,CVSR,,HH,2022-07-06,-0.2153540612745087,297
RO.DABR..HH@2023-09-05,RO,DABR,,HH,2023-09-05,0.3169218639230796,7
RO.DALR..HH@2022-07-07,RO,DALR,,HH,2022-07-07,0.0545637773502486,102
RO.DBRR..EH@2023-04-26,RO,DBRR,,EH,2023-04-26,-0.9048110980634916,792
RO.DBRR..HH@2023-02-16,RO,DBRR,,HH,2023-02-16,-0.4358298212699192,1255
RO.DEV..BH@2009-03-30,RO,DEV,,BH,2009-03-30,-0.2737307460996916,1915
RO.DEV..HH@2009-03-30,RO,DEV,,HH,2009-03-30,-0.1938654288819285,288
RO.DEV..HN@2008-04-14,RO,DEV,,HN,2008-04-14,-0.1094319912522377,3
RO.DOPR..BH@2009-12-11,RO,DOPR,,BH,2009-12-11,-0.552017080988558,2427
RO.DOPR..HH@2009-12-11,RO,DOPR,,HH,2009-12-11,-0.4805780894198214,163
RO.DOPR..HN@2008-07-11,RO,DOPR,,HN,2008-07-11,-0.3493324009402482,2
RO.DRBR..HH@2016-02-16,RO,DRBR,,HH,2016-02-16,0.4419516344593277,48
RO.DRGR..BH@2010-06-18,RO,DRGR,,BH,2010-06-18,-0.7415871952952906,95
RO.DRGR..BH@2014-11-24,RO,DRGR,,BH,2014-11-24,-0.6183349532548259,5
RO.DRGR..BH@2014-11-29,RO,DRGR,,BH,2014-11-29,-0.6718804948021061,2079
RO.DRGR..HH@2010-06-18,RO,DRGR,,HH,2010-06-18,-0.6976926151131878,5
RO.DRGR..HH@2014-11-29,RO,DRGR,,HH,2014-11-29,-0.6712872632385838,441
RO.EFOR..HH@2012-10-02,RO,EFOR,,HH,2012-10-02,0.3105616226883327,247
RO.FAGR..HN@2021-10-04,RO,FAGR,,HN,2021-10-04,-0.0458245520807928,1
RO.FLGR..HN@2020-08-27,RO,FLGR,,HN,2020-08-27,0.2010409151207302,3
RO.GHRR..BH@2008-09-05,RO,GHRR,,BH,2008-09-05,0.1545230573402351,372
RO.GHRR..BH@2019-07-10,RO,GHRR,,BH,2019-07-10,0.3762634063706147,300
RO.GHRR..HH@2008-09-05,RO,GHRR,,HH,2008-09-05,0.1009854351683801,286
RO.GHRR..HH@2019-07-10,RO,GHRR,,HH,2019-07-10,0.3594883769993718,77
RO.GIRR..HN@2010-08-18,RO,GIRR,,HN,2010-08-18,0.121559086133376,1
RO.GISR..EH@2013-11-05,RO,GISR,,EH,2013-11-05,0.1260068333097565,379
RO.GISR..HN@2013-04-17,RO,GISR,,HN,2013-04-17,0.5429311242456055,21
RO.GIUM..EH@2011-04-20,RO,GIUM,,EH,2011-04-20,0.0755996504715974,125
RO.GIUM..EH@2015-12-03,RO,GIUM,,EH,2015-12-03,0.0780825475028296,397
RO.GRER..EH@2012-10-30,RO,GRER,,EH,2012-10-30,0.0588945314510838,663
RO.GRER..HH@2020-05-20,RO,GRER,,HH,2020-05-20,0.1918920220124294,96
RO.GRISU..HN@2019-07-16,RO,GRISU,,HN,2019-07-16,0.4161775289857405,1
RO.GRLR..HH@2022-12-15,RO,GRLR,,HH,2022-12-15,-0.0364267034989194,99
RO.GRLR..HN@2022-12-15,RO,GRLR,,HN,2022-12-15,0.0858877018194048,10
RO.GSLR..HN@2023-02-22,RO,GSLR,,HN,2023-02-22,-0.3192090398702722,1
RO.GZR..BH@2007-11-17,RO,GZR,,BH,2007-11-17,-0.221749652133911,3790
RO.GZR..HH@2007-11-17,RO,GZR,,HH,2007-11-17,0.0159943209866355,1395
RO.GZR..HN@2007-11-17,RO,GZR,,HN,2007-11-17,0.1519142501349938,66
RO.HARR..HH@2020-07-29,RO,HARR,,HH,2020-07-29,0.040024203933234,142
RO.HERR..BH@2012-06-05,RO,HERR,,BH,2012-06-05,-0.3749265681158285,265
RO.HERR..BH@2015-08-03,RO,HERR,,BH,2015-08-03,-0.4398092305502737,2989
RO.HERR..HH@2012-06-05,RO,HERR,,HH,2012-06-05,0.0475325497144841,11
RO.HERR..HH@2015-08-03,RO,HERR,,HH,2015-08-03,-0.0673068325907511,50
RO.HUMR..BH@2008-10-23,RO,HUMR,,BH,2008-10-23,0.1164415726231332,89
RO.HUMR..BH@2015-05-06,RO,HUMR,,BH,2015-05-06,0.2387095664079777,449
RO.HUMR..HH@2008-10-23,RO,HUMR,,HH,2008-10-23,0.0996253087310196,44
RO.HUMR..HH@2015-05-06,RO,HUMR,,HH,2015-05-06,0.2581203328710519,273
RO.HUMR..HN@2008-10-23,RO,HUMR,,HN,2008-10-23,0.4704213199422762,6
RO.IACR..HN@2019-10-30,RO,IACR,,HN,2019-10-30,0.6331381377308545,3
RO.IAS..BH@2008-08-14,RO,IAS,,BH,2008-08-14,0.4590284285711049,51
RO.IAS..HH@2008-08-14,RO,IAS,,HH,2008-08-14,0.498344958410677,120
RO.IASR..BH@2017-09-18,RO,IASR,,BH,2017-09-18,0.044718367984137,106
RO.IASR..HH@2017-09-18,RO,IASR,,HH,2017-09-18,-0.0178383954643496,33
RO.IBZR..HH@2022-07-07,RO,IBZR,,HH,2022-07-07,0.0634249497271882,166
RO.IBZR..HN@2022-07-07,RO,IBZR,,HN,2022-07-07,-0.3838203948834528,1
RO.ICOR..BH@2011-10-12,RO,ICOR,,BH,2011-10-12,0.5991356763078829,74
RO.ICOR..BH@2015-03-27,RO,ICOR,,BH,2015-03-27,0.3815203400048473,1
RO.ICOR..BH@2015-04-17,RO,ICOR,,BH,2015-04-17,0.4663864051503887,745
RO.ICOR..HH@2011-10-12,RO,ICOR,,HH,2011-10-12,0.6008674899568948,20
RO.ICOR..HH@2015-04-17,RO,ICOR,,HH,2015-04-17,0.433962714040788,107
RO.INCR..EH@2008-02-20,RO,INCR,,EH,2008-02-20,-0.0757813073603391,247
RO.INCR..HN@2008-02-20,RO,INCR,,HN,2008-02-20,0.2066114367106677,5
RO.INMR..HN@2018-07-26,RO,INMR,,HN,2018-07-26,0.0990993121932589,1
RO.INXR..EH@2022-11-30,RO,INXR,,EH,2022-11-30,0.1183194485279312,1630
RO.INXR..HN@2022-11-29,RO,INXR,,HN,2022-11-29,-0.07550353583688,45
RO.ISR..BH@2009-01-07,RO,ISR,,BH,2009-01-07,-0.2083513184044247,1663
RO.ISR..HH@2009-01-07,RO,ISR,,HH,2009-01-07,-0.0464864596312119,11
RO.IZVR..BH@2017-12-11,RO,IZVR,,BH,2017-12-11,0.0709137670721773,93
RO.IZVR..BH@2020-08-20,RO,IZVR,,BH,2020-08-20,0.0367975613114027,77
RO.IZVR..BH@2023-05-02,RO,IZVR,,BH,2023-05-02,0.0701948432471064,33
RO.IZVR..HH@2013-09-28,RO,IZVR,,HH,2013-09-28,0.2421877529262694,11
RO.IZVR..HH@2015-07-23,RO,IZVR,,HH,2015-07-23,0.340672818688538,311
RO.IZVR..HH@2017-12-11,RO,IZVR,,HH,2017-12-11,0.0344123784908178,243
RO.IZVR..HH@2020-08-20,RO,IZVR,,HH,2020-08-20,0.1026064639341569,157
RO.IZVR..HH@2023-05-02,RO,IZVR,,HH,2023-05-02,0.0678676727089294,78
RO.IZVR..HN@2023-05-02,RO,IZVR,,HN,2023-05-02,-0.4018289194623382,44
RO.IZVR1..HN@2023-05-02,RO,IZVR1,,HN,2023-05-02,0.3199073218136533,2
RO.JOSR..EH@2010-11-09,RO,JOSR,,EH,2010-11-09,-0.603725420831464,150
RO.JOSR..HH@2022-05-20,RO,JOSR,,HH,2022-05-20,-0.8425643428077334,12
RO.JOSR..HN@2022-05-20,RO,JOSR,,HN,2022-05-20,-0.2046841652656773,1
RO.JURR..HN@2013-06-11,RO,JURR,,HN,2013-06-11,0.7403443319804992,1
RO.LEHL..HH@2012-10-31,RO,LEHL,,HH,2012-10-31,0.1068951241999709,696
RO.LELR..HH@2023-02-15,RO,LELR,,HH,2023-02-15,-0.1594285066727746,2157
RO.LELR..HN@2023-02-15,RO,LELR,,HN,2023-02-15,-0.16936049108602,27
RO.LEOM..BH@2013-11-28,RO,LEOM,,BH,2013-11-28,0.2662893393543359,9
RO.LEOM..EH@2015-12-03,RO,LEOM,,EH,2015-12-03,0.35774536381078,278
RO.LEOM..HH@2013-11-28,RO,LEOM,,HH,2013-11-28,0.2930143741279754,21
RO.LEOM..HN@2008-04-04,RO,LEOM,,HN,2008-04-04,0.728828123047073,8
RO.LOT..BH@2009-01-13,RO,LOT,,BH,2009-01-13,-0.3533184204908634,3155
RO.LOT..HH@2009-01-13,RO,LOT,,HH,2009-01-13,-0.2969302150037937,282
RO.MANR..HH@2013-02-09,RO,MANR,,HH,2013-02-09,0.1717992853195874,235
RO.MANR..HN@2013-02-09,RO,MANR,,HN,2013-02-09,0.8045425407843514,1
RO.MARR..HH@2016-09-21,RO,MARR,,HH,2016-09-21,-0.6237002929280743,2349
RO.MARR..HN@2016-09-21,RO,MARR,,HN,2016-09-21,0.1186261549049258,2
RO.MDB..EH@2007-09-07,RO,MDB,,EH,2007-09-07,-0.4684494153196402,163
RO.MDB..HH@2019-10-26,RO,MDB,,HH,2019-10-26,-0.2282721979273,45
RO.MDB..HN@2019-10-26,RO,MDB,,HN,2019-10-26,-0.0633051571406727,2
RO.MDVR..BH@2010-11-08,RO,MDVR,,BH,2010-11-08,-0.4500020048402166,102
RO.MDVR..BH@2014-11-29,RO,MDVR,,BH,2014-11-29,-0.4798116669852053,65
RO.MDVR..BH@2015-05-21,RO,MDVR,,BH,2015-05-21,-0.5796358609208602,2645
RO.MDVR..HH@2010-11-08,RO,MDVR,,HH,2010-11-08,-0.33599125911804,10
RO.MDVR..HH@2014-11-29,RO,MDVR,,HH,2014-11-29,-0.5121694809627577,8
RO.MDVR..HH@2015-05-21,RO,MDVR,,HH,2015-05-21,-0.5595906500882172,306
RO.MESR..HH@2015-06-05,RO,MESR,,HH,2015-06-05,0.1945619253744162,14
RO.MESR..HH@2016-02-22,RO,MESR,,HH,2016-02-22,0.1818283167879501,177
RO.MESR..HN@2016-02-22,RO,MESR,,HN,2016-02-22,0.1284332058791364,1
RO.MFRD..HH@2023-03-16,RO,MFRD,,HH,2023-03-16,-0.3216340882073768,182
RO.MFTR..BH@2013-12-20,RO,MFTR,,BH,2013-12-20,0.405393659891986,378
RO.MFTR..HH@2013-12-20,RO,MFTR,,HH,2013-12-20,0.3639134816829776,199
RO.MFTR..HN@2012-11-12,RO,MFTR,,HN,2012-11-12,0.3725640425028595,3
RO.MHISU..HN@2020-06-15,RO,MHISU,,HN,2020-06-15,0.1796018218300017,1
RO.MILM..BH@2010-10-25,RO,MILM,,BH,2010-10-25,-0.1332018052130276,166
RO.MILM..HH@2010-10-25,RO,MILM,,HH,2010-10-25,-0.1154052781308619,394
RO.MLR..BH@2008-01-18,RO,MLR,,BH,2008-01-18,-0.6149276021707574,3692
RO.MLR..EH@2014-08-08,RO,MLR,,EH,2014-08-08,-0.4087676268733853,298
RO.MLR..HH@2008-01-18,RO,MLR,,HH,2008-01-18,-0.6590018148156718,144
RO.MNCR..HN@2020-06-30,RO,MNCR,,HN,2020-06-30,-0.3243103123085591,3
RO.MTUR..HN@2009-03-31,RO,MTUR,,HN,2009-03-31,-0.07053105149814,1
RO.NARR..HH@2023-03-10,RO,NARR,,HH,2023-03-10,-0.088984900076379,375
RO.NEGRR..BH@2017-11-01,RO,NEGRR,,BH,2017-11-01,-0.0152577687828906,84
RO.NEGRR..BH@2020-08-20,RO,NEGRR,,BH,2020-08-20,0.0188999023665295,112
RO.NEGRR..BH@2023-05-02,RO,NEGRR,,BH,2023-05-02,0.0451268811078797,28
RO.NEGRR..HH@2017-11-01,RO,NEGRR,,HH,2017-11-01,-0.0080279965606934,426
RO.NEGRR..HH@2020-08-20,RO,NEGRR,,HH,2020-08-20,0.069584644862113,277
RO.NEGRR..HH@2023-05-02,RO,NEGRR,,HH,2023-05-02,-0.0162324498419806,106
RO.NEGRR..HN@2023-05-02,RO,NEGRR,,HN,2023-05-02,-0.2039235757746244,72
RO.NEHR..HH@2014-05-28,RO,NEHR,,HH,2014-05-28,-0.1257113018093795,1727
RO.NGRR..HH@2020-11-01,RO,NGRR,,HH,2020-11-01,0.4342480092134177,224
RO.NGRR..HN@2020-11-02,RO,NGRR,,HN,2020-11-02,0.4611607590535801,22
RO.ODBI..EH@2008-12-12,RO,ODBI,,EH,2008-12-12,-0.0220637257265584,1210
RO.ODBI..HN@2008-12-12,RO,ODBI,,HN,2008-12-12,0.3353637212616045,16
RO.ODSR..HH@2021-10-05,RO,ODSR,,HH,2021-10-05,0.0145577970257181,14
RO.ODSR..HN@2021-10-05,RO,ODSR,,HN,2021-10-05,-0.3978212086670016,1
RO.ONER..HH@2017-09-25,RO,ONER,,HH,2017-09-25,-0.4396170936695868,470
RO.OTISU..HN@2012-10-31,RO,OTISU,,HN,2012-10-31,-0.1113983563621911,2
RO.PANC..HH@2016-01-27,RO,PANC,,HH,2016-01-27,-0.0552584328369547,1172
RO.PANC..HN@2016-01-27,RO,PANC,,HN,2016-01-27,0.1553134366211253,37
RO.PGOR..BH@2020-01-14,RO,PGOR,,BH,2020-01-14,0.2046838457909275,120
RO.PGOR..EH@2008-07-17,RO,PGOR,,EH,2008-07-17,0.0499497832007323,287
RO.PGOR..HH@2020-01-14,RO,PGOR,,HH,2020-01-14,0.2698035959868968,42
RO.PGOR..HN@2020-01-14,RO,PGOR,,HN,2020-01-14,0.1767665651525967,1
RO.PLAR..EH@2008-11-19,RO,PLAR,,EH,2008-11-19,0.0016543768346766,454
RO.PLAR..HN@2008-11-19,RO,PLAR,,HN,2008-11-19,0.0270661034962038,8
RO.PLOR..BH@2008-08-04,RO,PLOR,,BH,2008-08-04,-0.2528863748036162,2413
RO.PLOR..HH@2008-08-04,RO,PLOR,,HH,2008-08-04,-0.2551869960247188,1375
RO.PLOR..HN@2008-08-04,RO,PLOR,,HN,2008-08-04,-0.0395851779700621,1
RO.PMGR..HN@2009-05-29,RO,PMGR,,HN,2009-05-29,0.328495319086286,1
RO.PRAR..BH@2019-11-29,RO,PRAR,,BH,2019-11-29,0.0819135478532519,65
RO.PRAR..HH@2019-11-29,RO,PRAR,,HH,2019-11-29,0.1262009947562856,113
RO.PRAR..HN@2019-11-29,RO,PRAR,,HN,2019-11-29,0.1878421768083682,4
RO.PTSR..HH@2023-02-16,RO,PTSR,,HH,2023-02-16,-0.2550839419393964,1821
RO.PTSR..HN@2023-02-16,RO,PTSR,,HN,2023-02-16,-0.1629372045917985,62
RO.PUNG..HH@2012-10-31,RO,PUNG,,HH,2012-10-31,0.0003516715653009,238
RO.PUNG..HN@2012-10-31,RO,PUNG,,HN,2012-10-31,-0.1035475663804689,10
RO.RASA..HH@2012-10-31,RO,RASA,,HH,2012-10-31,-0.0597521861818412,143
RO.RMGR..EH@2009-02-11,RO,RMGR,,EH,2009-02-11,0.1649185325508151,118
RO.RMGR..HH@2020-06-15,RO,RMGR,,HH,2020-06-15,-0.1142704290802619,175
RO.RMGR..HN@2009-02-11,RO,RMGR,,HN,2009-02-11,-0.0824707168037933,6
RO.RMRR..EH@2023-06-01,RO,RMRR,,EH,2023-06-01,-0.4924957984383565,114
RO.RMSR..HN@2019-03-13,RO,RMSR,,HN,2019-03-13,-0.0597291450957118,1
RO.RMVG..EH@2009-07-15,RO,RMVG,,EH,2009-07-15,-0.5776697970688911,28
RO.RTSR..HH@2023-06-21,RO,RTSR,,HH,2023-06-21,-0.2843454025653443,176
RO.RTSR..HN@2023-06-21,RO,RTSR,,HN,2023-06-21,-0.2725798081698103,5
RO.RVNR..HN@2023-02-23,RO,RVNR,,HN,2023-02-23,-0.0376538752010028,2
RO.SAHR..HH@2020-05-20,RO,SAHR,,HH,2020-05-20,-0.0688590571737818,724
RO.SBDR..HN@2022-06-30,RO,SBDR,,HN,2022-06-30,-0.1812677598481413,8
RO.SCHL..BH@2014-08-25,RO,SCHL,,BH,2014-08-25,-0.0675419640344507,94
RO.SCHL..HH@2014-04-08,RO,SCHL,,HH,2014-04-08,0.2891655499421584,23
RO.SCHL..HH@2014-08-25,RO,SCHL,,HH,2014-08-25,-0.3209395845039711,738
RO.SCHLR..BH@2017-11-01,RO,SCHLR,,BH,2017-11-01,-0.0146704177965835,84
RO.SCHLR..BH@2020-08-20,RO,SCHLR,,BH,2020-08-20,0.0457488590689146,62
RO.SCHLR..BH@2023-05-02,RO,SCHLR,,BH,2023-05-02,-0.1177998372723405,26
RO.SCHLR..HH@2017-11-01,RO,SCHLR,,HH,2017-11-01,-0.0570969931493764,295
RO.SCHLR..HH@2020-08-20,RO,SCHLR,,HH,2020-08-20,0.0346112532774429,223
RO.SCHLR..HH@2023-05-02,RO,SCHLR,,HH,2023-05-02,0.0128777064919523,162
RO.SCHLR..HN@2023-05-02,RO,SCHLR,,HN,2023-05-02,-0.4374886442865494,56
RO.SCTR..HH@2015-07-23,RO,SCTR,,HH,2015-07-23,-0.0057663119853129,990
RO.SCTR..HN@2015-07-24,RO,SCTR,,HN,2015-07-24,0.2717094893259559,16
RO.SECR..EH@2008-10-01,RO,SECR,,EH,2008-10-01,0.0501388226406585,299
RO.SECR..HN@2008-10-01,RO,SECR,,HN,2008-10-01,0.2777968956346946,10
RO.SGEB..HN@2009-05-29,RO,SGEB,,HN,2009-05-29,0.4288956444860013,1
RO.SGRR..EH@2011-09-21,RO,SGRR,,EH,2011-09-21,0.0858617924061654,725
RO.SGRR..HN@2011-09-21,RO,SGRR,,HN,2011-09-21,0.9058749696176548,5
RO.SINR..HN@2019-05-24,RO,SINR,,HN,2019-05-24,-0.3529065430393681,6
RO.SIRR..BH@2012-10-13,RO,SIRR,,BH,2012-10-13,-0.1662391326178067,108
RO.SIRR..BH@2015-05-21,RO,SIRR,,BH,2015-05-21,-0.267127959047893,53
RO.SIRR..BH@2015-10-06,RO,SIRR,,BH,2015-10-06,-0.3796672059869339,1551
RO.SIRR..HH@2012-10-13,RO,SIRR,,HH,2012-10-13,1.2935483937726435,1
RO.SIRR..HH@2015-05-21,RO,SIRR,,HH,2015-05-21,-0.6806259047629013,6
RO.SIRR..HH@2015-10-06,RO,SIRR,,HH,2015-10-06,-0.4455791740006843,20
RO.SLCR..HH@2013-09-28,RO,SLCR,,HH,2013-09-28,0.2105884252698373,18
RO.SLCR..HH@2015-07-23,RO,SLCR,,HH,2015-07-23,0.4027495582180262,386
RO.SLPR..EH@2024-05-28,RO,SLPR,,EH,2024-05-28,-0.167446766981796,7
RO.SNMR..HN@2021-07-20,RO,SNMR,,HN,2021-07-20,-0.0818200980659551,2
RO.SRE..BH@2010-10-06,RO,SRE,,BH,2010-10-06,-0.0778444789344042,1073
RO.SRE..HH@2010-10-06,RO,SRE,,HH,2010-10-06,-0.0739427438358409,318
RO.SRE..HN@2009-02-13,RO,SRE,,HN,2009-02-13,0.0306590552769987,4
RO.STFAR..EH@2014-07-03,RO,STFAR,,EH,2014-07-03,-0.0958254630753041,142
RO.STFAR..HH@2020-10-05,RO,STFAR,,HH,2020-10-05,-0.4909667418279859,2
RO.SULR..BH@2009-05-27,RO,SULR,,BH,2009-05-27,0.1480173619884973,570
RO.SULR..HH@2009-05-27,RO,SULR,,HH,2009-05-27,0.0868896907975816,862
RO.SULR..HN@2008-06-05,RO,SULR,,HN,2008-06-05,0.3690195136893647,16
RO.SURR..HH@2016-11-10,RO,SURR,,HH,2016-11-10,-0.4077250030690915,3448
RO.SVMR..HN@2020-06-02,RO,SVMR,,HN,2020-06-02,0.0272522501953021,3
RO.TATR..HH@2015-07-23,RO,TATR,,HH,2015-07-23,0.0879101359036767,1041
RO.TATR..HN@2015-07-24,RO,TATR,,HN,2015-07-24,0.3805718187053279,27
RO.TCAR..EH@2022-11-29,RO,TCAR,,EH,2022-11-29,0.2904473512041116,1252
RO.TCAR..EH@2023-03-23,RO,TCAR,,EH,2023-03-23,0.2921711540198722,947
RO.TCAR..HN@2023-03-23,RO,TCAR,,HN,2023-03-23,-0.1122244517989295,47
RO.TECR..HN@2019-03-13,RO,TECR,,HN,2019-03-13,0.1678709965441714,10
RO.TESR..BH@2008-05-28,RO,TESR,,BH,2008-05-28,-0.3757699656726342,43
RO.TESR..BH@2014-07-09,RO,TESR,,BH,2014-07-09,-0.4232351343095289,115
RO.TESR..BH@2015-03-20,RO,TESR,,BH,2015-03-20,-0.3802536106544122,1086
RO.TESR..HH@2008-05-28,RO,TESR,,HH,2008-05-28,-0.4846612285760104,90
RO.TESR..HH@2014-07-09,RO,TESR,,HH,2014-07-09,-0.4835905421320797,150
RO.TESR..HH@2015-03-20,RO,TESR,,HH,2015-03-20,-0.4234850968162773,971
RO.TESR..HN@2008-05-28,RO,TESR,,HN,2008-05-28,-0.2409001566579824,9
RO.TGMR..HH@2015-12-14,RO,TGMR,,HH,2015-12-14,-0.0885712491440752,42
RO.TGSR..BH@2022-07-07,RO,TGSR,,BH,2022-07-07,-0.0076422287012902,5
RO.TGSR..HH@2022-07-07,RO,TGSR,,HH,2022-07-07,-0.0305697432159844,38
RO.TIM..EH@2009-01-14,RO,TIM,,EH,2009-01-14,-0.1091261786025423,119
RO.TIM..HN@2007-04-27,RO,TIM,,HN,2007-04-27,-0.0841972584021493,1
RO.TLBR..BH@2014-04-08,RO,TLBR,,BH,2014-04-08,0.4518876224797697,447
RO.TLBR..HH@2014-04-08,RO,TLBR,,HH,2014-04-08,0.4408298323486423,533
RO.TLBR..HN@2014-04-08,RO,TLBR,,HN,2014-04-08,0.5357969501962971,22
RO.TLCR..BH@2020-07-29,RO,TLCR,,BH,2020-07-29,-0.1551031919556098,527
RO.TLCR..EH@2008-12-19,RO,TLCR,,EH,2008-12-19,-0.1197854148660182,857
RO.TLCR..HH@2020-07-29,RO,TLCR,,HH,2020-07-29,-0.2217480076512733,54
RO.TPGR..BH@2014-10-16,RO,TPGR,,BH,2014-10-16,0.0065160692965752,2468
RO.TPGR..HH@2014-10-16,RO,TPGR,,HH,2014-10-16,0.1934080850636375,40
RO.TRGR..HN@2019-03-29,RO,TRGR,,HN,2019-03-29,0.2181536328748129,1
RO.TSCT..EH@2013-05-10,RO,TSCT,,EH,2013-05-10,0.2139147051112986,215
RO.TSCT..HN@2013-05-10,RO,TSCT,,HN,2013-05-10,1.808507358705323,1
RO.TSMN..EH@2013-05-10,RO,TSMN,,EH,2013-05-10,0.1670642448114529,95
RO.TSSL..EH@2013-05-10,RO,TSSL,,EH,2013-05-10,0.12001132904659,5
RO.TSSL..EH@2014-10-23,RO,TSSL,,EH,2014-10-23,0.1837207159858387,54
RO.TSSL..HN@2014-10-23,RO,TSSL,,HN,2014-10-23,0.2692811842198966,1
RO.TUDR..EH@2013-04-11,RO,TUDR,,EH,2013-04-11,-0.023056200427815,519
RO.TUDR..HN@2013-04-11,RO,TUDR,,HN,2013-04-11,0.4030739804575494,52
RO.TULR..HH@2023-03-10,RO,TULR,,HH,2023-03-10,-0.3043623276327555,369
RO.VARL..EH@2013-11-19,RO,VARL,,EH,2013-11-19,0.312639619952141,843
RO.VARL..HH@2020-05-21,RO,VARL,,HH,2020-05-21,0.3681000339108348,356
RO.VASR..EH@2013-11-19,RO,VASR,,EH,2013-11-19,0.33401840168866,13
RO.VASR..HH@2014-04-02,RO,VASR,,HH,2014-04-02,0.372670330811775,981
RO.VINR..EH@2023-08-31,RO,VINR,,EH,2023-08-31,0.8763640538424985,2
RO.VLAD..HH@2012-10-31,RO,VLAD,,HH,2012-10-31,-0.1020849869999412,326
RO.VLAD..HN@2012-10-31,RO,VLAD,,HN,2012-10-31,-0.1244227904774118,6
RO.VLDR..HH@2015-07-23,RO,VLDR,,HH,2015-07-23,0.2641793052183487,1754
RO.VLDR..HN@2015-07-24,RO,VLDR,,HN,2015-07-24,0.6375990145112759,34
RO.VOIR..BH@2013-01-14,RO,VOIR,,BH,2013-01-14,-0.8648151052618152,5309
RO.VOIR..HH@2013-01-14,RO,VOIR,,HH,2013-01-14,-0.8051366776448646,56
RO.VOIR..HN@2008-04-16,RO,VOIR,,HN,2008-04-16,-0.930086606181571,1
RO.VRI..HH@2013-08-31,RO,VRI,,HH,2013-08-31,-0.1407793902460599,6
RO.VRI..HH@2014-01-10,RO,VRI,,HH,2014-01-10,-0.1621282683230608,3480
RO.VRI..HN@2014-01-10,RO,VRI,,HN,2014-01-10,0.8988623843353427,3
RO.ZIMR..EH@2008-01-24,RO,ZIMR,,EH,2008-01-24,0.0384007573034273,102
RO.ZIMR..HN@2008-01-24,RO,ZIMR,,HN,2008-01-24,0.1025433913413814,1
RO.ZOBR..HN@2019-04-23,RO,ZOBR,,HN,2019-04-23,-0.4588319873425086,6
SJ.BOVS..BH@2005-12-16,SJ,BOVS,,BH,2005-12-16,0.9645286718945152,174
SJ.DJES..BH@2005-12-16,SJ,DJES,,BH,2005-12-16,0.11145146367822,128
SJ.DJES..HH@2005-12-16,SJ,DJES,,HH,2005-12-16,-0.1004143586597369,21
SJ.FRGS..BH@2005-12-16,SJ,FRGS,,BH,2005-12-16,-0.5646781085031496,30
SJ.FRGS..HH@2005-12-16,SJ,FRGS,,HH,2005-12-16,-0.4846469927525965,2
SJ.GRUS..BH@2005-12-16,SJ,GRUS,,BH,2005-12-16,-0.5269194065547442,2
TU.BAND..HH@2017-02-14,TU,BAND,,HH,2017-02-14,-0.1762610990173295,1
TU.CAVK..HH@2014-12-01,TU,CAVK,,HH,2014-12-01,0.0556211798718054,2
